<?xml version="1.0" encoding="UTF-8"?>
<template name="listContributors" xmlns="http://ws.apache.org/ns/synapse">
  <parameter name="repo"/>
  <parameter name="owner"/>
  <parameter name="anon"/>
  <parameter name="page"/>
  <sequence>
    <property expression="$func:repo" name="uri.var.repo"
      scope="default" type="STRING"/>
    <property expression="$func:owner" name="uri.var.owner"
      scope="default" type="STRING"/>
    <property expression="$func:anon" name="uri.var.anon"
      scope="default" type="STRING"/>
    <property expression="$func:page" name="uri.var.page"
      scope="default" type="STRING"/>
    <property name="uri.var.urlQuery" scope="default" type="STRING" value=""/>
    <script language="js"><![CDATA[var repo = mc.getProperty("uri.var.repo");
                var owner = mc.getProperty("uri.var.owner"); 
                var anon = mc.getProperty("uri.var.anon");
                var page = mc.getProperty("uri.var.page");
                
                var urlQuery = "";
                               
                  // constructing the optional url parameters
                  if (anon!=null && anon!= ""){
                     urlQuery+='anon='+ anon +'&';
                  }

                  if (page!=null && page!= ""){
                     urlQuery+='page=' + page + '&';
                  }

                  if(urlQuery!=""){
                     urlQuery = '?' + urlQuery.substring(0,urlQuery.length-1);
                  }

                  mc.setProperty('uri.var.urlQuery', urlQuery);]]></script>
    <call>
      <endpoint>
        <http method="get" trace="disable" uri-template="{+uri.var.apiUrl}/repos/{+uri.var.owner}/{+uri.var.repo}/contributors{+uri.var.urlQuery}"/>
      </endpoint>
    </call>
  </sequence>
</template>
