<?xml version="1.0" encoding="UTF-8"?>
<!--
~  Copyright (c) 2016, WSO2 Inc. (http://www.wso2.org) All Rights Reserved.
~
~  WSO2 Inc. licenses this file to you under the Apache License,
~  Version 2.0 (the "License"); you may not use this file except
~  in compliance with the License.
~  You may obtain a copy of the License at
~
~    http://www.apache.org/licenses/LICENSE-2.0
~
~  Unless required by applicable law or agreed to in writing,
~  software distributed under the License is distributed on an
~  "AS IS" BASIS, WITHOUT WARRANTIES OR CONDITIONS OF ANY
~  KIND, either express or implied.  See the License for the
~  specific language governing permissions and limitations
~  under the License.
-->

<component name="github-pullrequests" type="synapse/template">
    <subComponents>
        <component name="listPullRequests">
            <file>listPullRequests.xml</file>
            <description>Lists all the pull requests</description>
        </component>
        <component name="getPullRequest">
            <file>getPullRequest.xml</file>
            <description>Retrieves a single pull request</description>
        </component>
        <component name="listPullRequestCommits">
            <file>listPullRequestCommits.xml</file>
            <description>List commits on a pull request</description>
        </component>
        <component name="getMergeStatus">
            <file>getMergeStatus.xml</file>
            <description>Retrieve the status as to if a pull request has been merged</description>
        </component>
        <component name="mergePullRequest">
            <file>mergePullRequest.xml</file>
            <description>This merges a pull request</description>
        </component>
    </subComponents>
</component>