<?xml version="1.0" encoding="UTF-8"?>
<template name="listPullRequests" xmlns="http://ws.apache.org/ns/synapse">
  <parameter name="owner"/>
  <parameter name="repo"/>
  <parameter name="state"/>
  <parameter name="head"/>
  <parameter name="base"/>
  <parameter name="sort"/>
  <parameter name="direction"/>
  <sequence>
    <property expression="$func:owner" name="uri.var.owner"
      scope="default" type="STRING"/>
    <property expression="$func:repo" name="uri.var.repo"
      scope="default" type="STRING"/>
    <property expression="$func:state" name="uri.var.state"
      scope="default" type="STRING"/>
    <property expression="$func:head" name="uri.var.head"
      scope="default" type="STRING"/>
    <property expression="$func:base" name="uri.var.base"
      scope="default" type="STRING"/>
    <property expression="$func:sort" name="uri.var.sort"
      scope="default" type="STRING"/>
    <property expression="$func:direction" name="uri.var.direction"
      scope="default" type="STRING"/>
    <property name="uri.var.urlQuery" scope="default" type="STRING" value=""/>
    <script language="js"><![CDATA[var state = mc.getProperty('uri.var.state');
                var head = mc.getProperty('uri.var.head');
                var base = mc.getProperty('uri.var.base');
                var sort = mc.getProperty('uri.var.sort');
                var direction = mc.getProperty('uri.var.direction');
                var urlQuery ="";

                if(state != null && state != "") {
                    urlQuery += 'state=' + state + '&';
                }

                if(head != null && head != "") {
                    urlQuery += 'head=' + head + '&';
                }

                if(base != null && base != "") {
                    urlQuery += 'base=' + base + '&';
                }

                if(sort != null && sort != "") {
                    urlQuery += 'sort=' + sort + '&';
                }

                if(direction != null && direction != "") {
                    urlQuery += 'direction=' + direction + '&';
                }

                if(urlQuery!=""){
                urlQuery = '?' + urlQuery.substring(0,urlQuery.length-1);
                mc.setProperty('uri.var.urlQuery', urlQuery);
                }]]></script>
    <call>
      <endpoint>
        <http method="get" trace="disable" uri-template="{+uri.var.apiUrl}/repos/{+uri.var.owner}/{+uri.var.repo}/pulls{+uri.var.urlQuery}"/>
      </endpoint>
    </call>
    <header action="remove" name="Access-Control-Expose-Headers" scope="transport"/>
    <header action="remove" name="X-RateLimit-Remaining" scope="transport"/>
    <header action="remove" name="X-XSS-Protection" scope="transport"/>
    <header action="remove" name="X-RateLimit-Reset" scope="transport"/>
    <header action="remove" name="X-GitHub-Request-Id" scope="transport"/>
    <header action="remove" name="X-Content-Type-Options" scope="transport"/>
    <header action="remove" name="X-Frame-Options" scope="transport"/>
    <header action="remove" name="X-OAuth-Scopes" scope="transport"/>
    <header action="remove" name="X-Accepted-OAuth-Scopes" scope="transport"/>
    <header action="remove" name="X-GitHub-Media-Type" scope="transport"/>
    <header action="remove" name="X-Served-By" scope="transport"/>
    <header action="remove" name="Vary" scope="transport"/>
    <header action="remove" name="X-RateLimit-Limit" scope="transport"/>
    <header action="remove" name="Access-Control-Allow-Credentials" scope="transport"/>
    <header action="remove" name="Content-Security-Policy" scope="transport"/>
  </sequence>
</template>
