<?xml version="1.0" encoding="UTF-8"?>
<template name="mergePullRequest" xmlns="http://ws.apache.org/ns/synapse">
  <parameter name="owner"/>
  <parameter name="repo"/>
  <parameter name="number"/>
  <parameter name="commitMessage"/>
  <sequence>
    <property expression="$func:owner" name="uri.var.owner"
      scope="default" type="STRING"/>
    <property expression="$func:repo" name="uri.var.repo"
      scope="default" type="STRING"/>
    <property expression="$func:number" name="uri.var.number"
      scope="default" type="STRING"/>
    <property expression="$func:commitMessage"
      name="uri.var.commitMessage" scope="default" type="STRING"/>
    <payloadFactory media-type="json">
      <format>
                {
                "commit_message":"$1"
                }
            </format>
      <args>
        <arg evaluator="xml" expression="get-property('uri.var.commitMessage')"/>
      </args>
    </payloadFactory>
    <property name="DISABLE_CHUNKING" scope="axis2" type="STRING" value="true"/>
    <call>
      <endpoint>
        <http method="put" trace="disable" uri-template="{+uri.var.apiUrl}/repos/{+uri.var.owner}/{+uri.var.repo}/pulls/{+uri.var.number}/merge"/>
      </endpoint>
    </call>
    <!-- Remove response custom header information -->
    <header action="remove" name="Access-Control-Expose-Headers" scope="transport"/>
    <header action="remove" name="X-RateLimit-Remaining" scope="transport"/>
    <header action="remove" name="X-XSS-Protection" scope="transport"/>
    <header action="remove" name="X-RateLimit-Reset" scope="transport"/>
    <header action="remove" name="X-GitHub-Request-Id" scope="transport"/>
    <header action="remove" name="X-Content-Type-Options" scope="transport"/>
    <header action="remove" name="X-Frame-Options" scope="transport"/>
    <header action="remove" name="X-OAuth-Scopes" scope="transport"/>
    <header action="remove" name="X-Accepted-OAuth-Scopes" scope="transport"/>
    <header action="remove" name="X-GitHub-Media-Type" scope="transport"/>
    <header action="remove" name="X-Served-By" scope="transport"/>
    <header action="remove" name="Access-Control-Allow-Credentials" scope="transport"/>
    <header action="remove" name="Vary" scope="transport"/>
    <header action="remove" name="X-RateLimit-Limit" scope="transport"/>
    <header action="remove" name="Content-Security-Policy" scope="transport"/>
  </sequence>
</template>
