<?xml version="1.0" encoding="UTF-8"?>
<template name="listCommits" xmlns="http://ws.apache.org/ns/synapse">
  <parameter name="owner"/>
  <parameter name="repo"/>
  <parameter name="sha"/>
  <parameter name="path"/>
  <parameter name="author"/>
  <parameter name="since"/>
  <parameter name="until"/>
  <parameter name="page"/>
  <parameter name="perPage"/>
  <sequence>
    <property expression="$func:owner" name="uri.var.owner"
      scope="default" type="STRING"/>
    <property expression="$func:repo" name="uri.var.repo"
      scope="default" type="STRING"/>
    <property expression="$func:sha" name="uri.var.sha" scope="default" type="STRING"/>
    <property expression="$func:path" name="uri.var.path"
      scope="default" type="STRING"/>
    <property expression="$func:author" name="uri.var.author"
      scope="default" type="STRING"/>
    <property expression="$func:since" name="uri.var.since"
      scope="default" type="STRING"/>
    <property expression="$func:until" name="uri.var.until"
      scope="default" type="STRING"/>
    <property expression="$func:page" name="uri.var.page"
      scope="default" type="STRING"/>
    <property expression="$func:perPage" name="uri.var.perPage"
      scope="default" type="STRING"/>
    <property name="uri.var.urlQuery" scope="default" type="STRING" value=""/>
    <script language="js"><![CDATA[var sha = mc.getProperty("uri.var.sha");
                var path = mc.getProperty("uri.var.path"); 
                var author = mc.getProperty("uri.var.author");
                var since = mc.getProperty("uri.var.since"); 
                var until = mc.getProperty("uri.var.until"); 
                var page = mc.getProperty("uri.var.page"); 
                var perPage = mc.getProperty("uri.var.perPage"); 
                var urlQuery = "";
                               
                  // constructing the optional url parameters
                  if (sha!=null && sha!= ""){
                     urlQuery+='sha='+ sha +'&';
                  }

                  if (path!=null && path!= ""){
                     urlQuery+='path=' + path + '&';
                  }

                  if (author!=null && author!= ""){
                     urlQuery+='author='+ author +'&';
                  }

                  if (since!=null && since!= ""){
                     urlQuery+='since='+ since +'&';
                  }

                  if (until!=null && until!= ""){
                     urlQuery+='until='+ until +'&';
                  }
                   if (page!=null && page!= ""){
                     urlQuery+='page='+ page +'&';
                  }
                  if (perPage!=null && perPage!= ""){
                     urlQuery+='per_page='+ perPage +'&';
                  }

                  if(urlQuery!=""){
                     urlQuery = '?' + urlQuery.substring(0,urlQuery.length-1);
                  }

                  mc.setProperty('uri.var.urlQuery', urlQuery);]]></script>
    <call>
      <endpoint>
        <http method="get" trace="disable" uri-template="{+uri.var.apiUrl}/repos/{+uri.var.owner}/{+uri.var.repo}/commits{+uri.var.urlQuery}"/>
      </endpoint>
    </call>
  </sequence>
</template>
