<!--
 ~  Copyright (c) 2016, WSO2 Inc. (http://www.wso2.org) All Rights Reserved.
 ~
 ~  WSO2 Inc. licenses this file to you under the Apache License,
 ~  Version 2.0 (the "License"); you may not use this file except
 ~  in compliance with the License.
 ~  You may obtain a copy of the License at
 ~
 ~    http://www.apache.org/licenses/LICENSE-2.0
 ~
 ~  Unless required by applicable law or agreed to in writing,
 ~  software distributed under the License is distributed on an
 ~  "AS IS" BASIS, WITHOUT WARRANTIES OR CONDITIONS OF ANY
 ~  KIND, either express or implied.  See the License for the
 ~  specific language governing permissions and limitations
 ~  under the License.
-->

<template name="searchIssues" xmlns="http://ws.apache.org/ns/synapse">

    <parameter name="q" description="The search terms."/>
    <parameter name="sort" description="The sort field."/>
    <parameter name="order" description="The sort order if sort parameter is provided."/>

    <sequence>

        <property name="uri.var.q" expression="$func:q"/>
        <property name="uri.var.sort" expression="$func:sort"/>
        <property name="uri.var.order" expression="$func:order"/>
        <property name="uri.var.urlQuery" value=""/>
        <script language="js">
            <![CDATA[

                var q = mc.getProperty('uri.var.q');
                var sort = mc.getProperty('uri.var.sort');
                var order = mc.getProperty('uri.var.order');
                var urlQuery ="";

                if(q != null && q != "") {
                    urlQuery += 'q=' + q + '&';
                }

                if(sort != null && sort != "") {
                    urlQuery += 'sort=' + sort + '&';
                }

                if(order != null && order != "") {
                    urlQuery += 'order=' + order + '&';
                }

                if(urlQuery!=""){
                urlQuery = '?' + urlQuery.substring(0,urlQuery.length-1);
                mc.setProperty('uri.var.urlQuery', urlQuery);
                }

    ]]></script>

        <call>
            <endpoint>
                <http method="get" uri-template="{+uri.var.apiUrl}/search/issues{+uri.var.urlQuery}"/>
            </endpoint>
        </call>

        <header name="Access-Control-Expose-Headers" scope="transport" action="remove"/>
        <header name="X-RateLimit-Remaining" scope="transport" action="remove"/>
        <header name="X-XSS-Protection" scope="transport" action="remove"/>
        <header name="X-RateLimit-Reset" scope="transport" action="remove"/>
        <header name="X-GitHub-Request-Id" scope="transport" action="remove"/>
        <header name="X-Content-Type-Options" scope="transport" action="remove"/>
        <header name="X-Frame-Options" scope="transport" action="remove"/>
        <header name="X-OAuth-Scopes" scope="transport" action="remove"/>
        <header name="X-Accepted-OAuth-Scopes" scope="transport" action="remove"/>
        <header name="X-GitHub-Media-Type" scope="transport" action="remove"/>
        <header name="X-Served-By" scope="transport" action="remove"/>
        <header name="Vary" scope="transport" action="remove"/>
        <header name="X-RateLimit-Limit" scope="transport" action="remove"/>
        <header name="Access-Control-Allow-Credentials" scope="transport" action="remove"/>
        <header name="Content-Security-Policy" scope="transport" action="remove"/>
        <header name="Link" scope="transport" action="remove"/>

    </sequence>
</template>