<?xml version="1.0" encoding="UTF-8"?>
<template name="init" xmlns="http://ws.apache.org/ns/synapse">
  <parameter name="apiUrl"/>
  <parameter name="accessToken"/>
  <parameter name="mediaType"/>
  <sequence>
    <property expression="$func:apiUrl" name="uri.var.apiUrl"
      scope="default" type="STRING"/>
    <property expression="$func:accessToken" name="uri.var.accessToken"
      scope="default" type="STRING"/>
    <property expression="$func:mediaType" name="uri.var.mediaType"
      scope="default" type="STRING"/>
    <header
      expression="fn:concat('token ', get-property('uri.var.accessToken'))"
      name="Authorization" scope="transport"/>
    <!-- Media type header will be set, if provided by the user -->
    <filter regex="true" source="boolean(get-property('uri.var.mediaType'))">
      <then>
        <header expression="get-property('uri.var.mediaType')"
          name="Accept" scope="transport"/>
      </then>
      <else/>
    </filter>
    <!-- If the apiUrl is not specified, set the default value as https://api.github.com -->
    <filter regex="false" source="boolean(get-property('uri.var.apiUrl'))">
      <then>
        <property name="uri.var.apiUrl" scope="default" type="STRING" value="https://api.github.com"/>
      </then>
      <else/>
    </filter>
  </sequence>
</template>
