<?xml version="1.0" encoding="UTF-8"?>
<!--
~  Copyright (c) 2016, WSO2 Inc. (http://www.wso2.org) All Rights Reserved.
~
~  WSO2 Inc. licenses this file to you under the Apache License,
~  Version 2.0 (the "License"); you may not use this file except
~  in compliance with the License.
~  You may obtain a copy of the License at
~
~    http://www.apache.org/licenses/LICENSE-2.0
~
~  Unless required by applicable law or agreed to in writing,
~  software distributed under the License is distributed on an
~  "AS IS" BASIS, WITHOUT WARRANTIES OR CONDITIONS OF ANY
~  KIND, either express or implied.  See the License for the
~  specific language governing permissions and limitations
~  under the License.
-->

<component name="github-repositories" type="synapse/template">
	<subComponents>
		<component name="listForks">
			<file>listForks.xml</file>
			<description>Lists all the Forks</description>
		</component>
		<component name="performAMerge">
			<file>performAMerge.xml</file>
			<description>Merging two branch in a remote repository</description>
		</component>
		<component name="listCollaborators">
			<file>listCollaborators.xml</file>
			<description>List down all the collaborators</description>
		</component>
		<component name="listOrganizationRepositories">
			<file>listOrganizationRepositories.xml</file>
			<description>List down all the repositories in an organization
			</description>
		</component>
	</subComponents>
</component>