<?xml version="1.0" encoding="UTF-8"?>
<template name="listForks" xmlns="http://ws.apache.org/ns/synapse">
  <parameter name="owner"/>
  <parameter name="repo"/>
  <parameter name="sort"/>
  <sequence>
    <property expression="$func:owner" name="uri.var.owner"
      scope="default" type="STRING"/>
    <property expression="$func:repo" name="uri.var.repo"
      scope="default" type="STRING"/>
    <property expression="$func:sort" name="uri.var.sort"
      scope="default" type="STRING"/>
    <filter regex="true" source="boolean(get-property('uri.var.sort'))">
      <then>
        <call>
          <endpoint>
            <http method="get" trace="disable" uri-template="{+uri.var.apiUrl}/repos/{+uri.var.owner}/{+uri.var.repo}/forks?sort={+uri.var.sort}"/>
          </endpoint>
        </call>
      </then>
      <else>
        <call>
          <endpoint>
            <http method="get" trace="disable" uri-template="{+uri.var.apiUrl}/repos/{+uri.var.owner}/{+uri.var.repo}/forks"/>
          </endpoint>
        </call>
      </else>
    </filter>
    <!-- Remove response custom header information -->
    <header action="remove" name="Access-Control-Expose-Headers" scope="transport"/>
    <header action="remove" name="X-RateLimit-Remaining" scope="transport"/>
    <header action="remove" name="X-XSS-Protection" scope="transport"/>
    <header action="remove" name="X-RateLimit-Reset" scope="transport"/>
    <header action="remove" name="X-GitHub-Request-Id" scope="transport"/>
    <header action="remove" name="X-Content-Type-Options" scope="transport"/>
    <header action="remove" name="X-Frame-Options" scope="transport"/>
    <header action="remove" name="X-OAuth-Scopes" scope="transport"/>
    <header action="remove" name="X-Accepted-OAuth-Scopes" scope="transport"/>
    <header action="remove" name="X-GitHub-Media-Type" scope="transport"/>
    <header action="remove" name="X-Served-By" scope="transport"/>
    <header action="remove" name="X-RateLimit-Limit" scope="transport"/>
    <header action="remove" name="Vary" scope="transport"/>
    <header action="remove" name="Access-Control-Allow-Credentials" scope="transport"/>
    <header action="remove" name="Content-Security-Policy" scope="transport"/>
  </sequence>
</template>
