<?xml version="1.0" encoding="UTF-8"?>
<template name="listOrganizationRepositories" xmlns="http://ws.apache.org/ns/synapse">
  <parameter name="org"/>
  <parameter name="type"/>
  <parameter name="page"/>
  <parameter name="perPage"/>
  <sequence>
    <property expression="$func:org" name="uri.var.org" scope="default" type="STRING"/>
    <property expression="$func:type" name="uri.var.type"
      scope="default" type="STRING"/>
    <property expression="$func:page" name="uri.var.page"
      scope="default" type="STRING"/>
    <property expression="$func:perPage" name="uri.var.perPage"
      scope="default" type="STRING"/>
    <property name="uri.var.urlQuery" scope="default" type="STRING" value=""/>
    <script language="js"><![CDATA[var type = mc.getProperty("uri.var.type");
                var page = mc.getProperty("uri.var.page"); 
                var urlQuery = "";
                 var perPage = mc.getProperty("uri.var.perPage");
                               
                  // constructing the optional url parameters
                  if (type!=null && type!= ""){
                     urlQuery+='type='+ type +'&';
                  }

                  if (page!=null && page!= ""){
                     urlQuery+='page=' + page + '&';
                  }
                   if (perPage!=null && perPage!= ""){
                     urlQuery+='perPage='+ perPage +'&';
                  }

                  if(urlQuery!=""){
                     urlQuery = '?' + urlQuery.substring(0,urlQuery.length-1);
                  }

                  mc.setProperty('uri.var.urlQuery', urlQuery);]]></script>
    <call>
      <endpoint>
        <http method="get" trace="disable" uri-template="{+uri.var.apiUrl}/orgs/{+uri.var.org}/repos{+uri.var.urlQuery}"/>
      </endpoint>
    </call>
  </sequence>
</template>
