<?xml version="1.0" encoding="UTF-8"?>
<!--
~  Copyright (c) 2016, WSO2 Inc. (http://www.wso2.org) All Rights Reserved.
~
~  WSO2 Inc. licenses this file to you under the Apache License,
~  Version 2.0 (the "License"); you may not use this file except
~  in compliance with the License.
~  You may obtain a copy of the License at
~
~    http://www.apache.org/licenses/LICENSE-2.0
~
~  Unless required by applicable law or agreed to in writing,
~  software distributed under the License is distributed on an
~  "AS IS" BASIS, WITHOUT WARRANTIES OR CONDITIONS OF ANY
~  KIND, either express or implied.  See the License for the
~  specific language governing permissions and limitations
~  under the License.
-->

<component name="github-issues" type="synapse/template">
    <subComponents>
        <component name="listRepositoryIssues">
            <file>listRepositoryIssues.xml</file>
            <description>Lists issues for a repository</description>
        </component>
        <component name="getIssue">
            <file>getIssue.xml</file>
            <description>Retrieves a single issue</description>
        </component>
        <component name="createIssue">
            <file>createIssue.xml</file>
            <description>Any user with pull access to a repository can create an
                issue
            </description>
        </component>
        <component name="editIssue">
            <file>editIssue.xml</file>
            <description>Issue owners and users with push access can edit an
                issue
            </description>
        </component>
        <component name="listIssueComments">
            <file>listIssueComments.xml</file>
            <description>This lists comments on an issue</description>
        </component>
        <component name="createIssueComment">
            <file>createIssueComment.xml</file>
            <description>Allows to create a comment on an issue</description>
        </component>
    </subComponents>
</component>