<?xml version="1.0" encoding="UTF-8"?>
<template name="listRepositoryIssues" xmlns="http://ws.apache.org/ns/synapse">
  <parameter name="owner"/>
  <parameter name="repo"/>
  <parameter name="milestone"/>
  <parameter name="state"/>
  <parameter name="assignee"/>
  <parameter name="creator"/>
  <parameter name="mentioned"/>
  <parameter name="labels"/>
  <parameter name="sort"/>
  <parameter name="direction"/>
  <parameter name="since"/>
  <sequence>
    <property expression="$func:owner" name="uri.var.owner"
      scope="default" type="STRING"/>
    <property expression="$func:repo" name="uri.var.repo"
      scope="default" type="STRING"/>
    <property expression="$func:milestone" name="uri.var.milestone"
      scope="default" type="STRING"/>
    <property expression="$func:state" name="uri.var.state"
      scope="default" type="STRING"/>
    <property expression="$func:assignee" name="uri.var.assignee"
      scope="default" type="STRING"/>
    <property expression="$func:creator" name="uri.var.creator"
      scope="default" type="STRING"/>
    <property expression="$func:mentioned" name="uri.var.mentioned"
      scope="default" type="STRING"/>
    <property expression="$func:labels" name="uri.var.labels"
      scope="default" type="STRING"/>
    <property expression="$func:sort" name="uri.var.sort"
      scope="default" type="STRING"/>
    <property expression="$func:direction" name="uri.var.direction"
      scope="default" type="STRING"/>
    <property expression="$func:since" name="uri.var.since"
      scope="default" type="STRING"/>
    <property name="uri.var.urlQuery" scope="default" type="STRING" value=""/>
    <script language="js"><![CDATA[var milestone = mc.getProperty("uri.var.milestone");
                var state = mc.getProperty("uri.var.state"); 
                var assignee = mc.getProperty("uri.var.assignee");
                var creator = mc.getProperty("uri.var.creator"); 
                var mentioned = mc.getProperty("uri.var.mentioned"); 
                var labels = mc.getProperty("uri.var.labels"); 
                var sort = mc.getProperty("uri.var.sort"); 
                var direction = mc.getProperty("uri.var.direction"); 
                var since = mc.getProperty("uri.var.since"); 
                
                var urlQuery = "";
                               
                  // constructing the optional url parameters 
                  // milestone must be a number of a milestone or '*' or 'none' thus url encoding is not required                                                                                                                                                    
                  if (milestone!=null && milestone!= ""){
                     urlQuery+='milestone='+ milestone +'&';
                  }
                  
                  //state should be 'open', 'closed' or 'all' thus url encoding is not required
                  if (state!=null && state!= ""){
                     urlQuery+='state=' + state + '&';
                  }
                  
                  //must be a valid username, '*' or 'none' thus url encoding is not required
                  if (assignee!=null && assignee!= ""){
                     urlQuery+='assignee='+ assignee +'&';
                  }
                  
                  //must be the username of the user who created the issue thus url encoding is not required
                  if (creator!=null && creator!= ""){
                     urlQuery+='creator='+ creator +'&';
                  }
                  
                  //must be a username that is mentioend in the issue thus url encoding is not required
                  if (mentioned!=null && mentioned!= ""){
                     urlQuery+='mentioned='+ mentioned +'&';
                  }
                  
                  //A list of comma separated label names. may include special characters to url encode
                  if (labels!=null && labels!= ""){
                     urlQuery+='labels='+ labels +'&';
                  }
                  
                  //can be either 'created','updated','comments' thus url encoding is not required
                  if (sort!=null && sort!= ""){
                     urlQuery+='sort='+ sort +'&';
                  }                  

                  //Can be either 'asc' or 'desc' thus url encoding is not required
                  if (direction!=null && direction!= ""){
                     urlQuery+='direction='+ direction +'&';
                  }   
                  
                  //This is a timestamp in ISO 8601 format: YYYY-MM-DDTHH:MM:SSZ thus url encoding is not required
                  if (since!=null && since!= ""){
                     urlQuery+='since='+ since +'&';
                  }  

                  if(urlQuery!=""){
                     urlQuery = '?' + urlQuery.substring(0,urlQuery.length-1);
                  }

                  mc.setProperty('uri.var.urlQuery', urlQuery);]]></script>
    <call>
      <endpoint>
        <http method="get" trace="disable" uri-template="{+uri.var.apiUrl}/repos/{+uri.var.owner}/{+uri.var.repo}/issues{+uri.var.urlQuery}"/>
      </endpoint>
    </call>
    <!-- Remove response custom header information -->
    <header action="remove" name="Access-Control-Expose-Headers" scope="transport"/>
    <header action="remove" name="X-RateLimit-Remaining" scope="transport"/>
    <header action="remove" name="X-XSS-Protection" scope="transport"/>
    <header action="remove" name="X-RateLimit-Reset" scope="transport"/>
    <header action="remove" name="X-GitHub-Request-Id" scope="transport"/>
    <header action="remove" name="X-Content-Type-Options" scope="transport"/>
    <header action="remove" name="X-Frame-Options" scope="transport"/>
    <header action="remove" name="X-OAuth-Scopes" scope="transport"/>
    <header action="remove" name="X-Accepted-OAuth-Scopes" scope="transport"/>
    <header action="remove" name="X-GitHub-Media-Type" scope="transport"/>
    <header action="remove" name="X-Served-By" scope="transport"/>
    <header action="remove" name="X-RateLimit-Limit" scope="transport"/>
    <header action="remove" name="Vary" scope="transport"/>
    <header action="remove" name="Access-Control-Allow-Credentials" scope="transport"/>
    <header action="remove" name="Content-Security-Policy" scope="transport"/>
  </sequence>
</template>
