<!--
 ~  Copyright (c) 2016, WSO2 Inc. (http://www.wso2.org) All Rights Reserved.
 ~
 ~  WSO2 Inc. licenses this file to you under the Apache License,
 ~  Version 2.0 (the "License"); you may not use this file except
 ~  in compliance with the License.
 ~  You may obtain a copy of the License at
 ~
 ~    http://www.apache.org/licenses/LICENSE-2.0
 ~
 ~  Unless required by applicable law or agreed to in writing,
 ~  software distributed under the License is distributed on an
 ~  "AS IS" BASIS, WITHOUT WARRANTIES OR CONDITIONS OF ANY
 ~  KIND, either express or implied.  See the License for the
 ~  specific language governing permissions and limitations
 ~  under the License.
-->

<template name="createBlob" xmlns="http://ws.apache.org/ns/synapse">

    <parameter name="owner" description="The owner of the repository."/>
    <parameter name="repo" description="The corresponding repository."/>
    <parameter name="content" description="The content of the blob."/>
    <parameter name="encoding" description="The encoding type."/>

    <sequence>

        <property name="uri.var.owner" expression="$func:owner"/>
        <property name="uri.var.repo" expression="$func:repo"/>
        <property name="uri.var.content" expression="$func:content"/>
        <property name="uri.var.encoding" expression="$func:encoding"/>

        <payloadFactory media-type="json">
            <format>
                {
                }
            </format>
            <args>
            </args>
        </payloadFactory>

        <script language="js">
            <![CDATA[
                payload = mc.getPayloadJSON();               
                var content = mc.getProperty("uri.var.content"); 
                var encoding = mc.getProperty("uri.var.encoding");

                if(content != null){
                    payload.content = content;
                }

                if(encoding != null && encoding != ""){
                    payload.encoding = encoding;
                }

                 mc.setPayloadJSON(payload);
               ]]>
        </script>

        <call>
            <endpoint>
                <http method="post"
                      uri-template="{+uri.var.apiUrl}/repos/{+uri.var.owner}/{+uri.var.repo}/git/blobs"/>
            </endpoint>
        </call>

        <header name="Access-Control-Expose-Headers" scope="transport" action="remove"/>
        <header name="X-RateLimit-Remaining" scope="transport" action="remove"/>
        <header name="X-XSS-Protection" scope="transport" action="remove"/>
        <header name="X-RateLimit-Reset" scope="transport" action="remove"/>
        <header name="X-GitHub-Request-Id" scope="transport" action="remove"/>
        <header name="X-Content-Type-Options" scope="transport" action="remove"/>
        <header name="X-Frame-Options" scope="transport" action="remove"/>
        <header name="X-OAuth-Scopes" scope="transport" action="remove"/>
        <header name="X-Accepted-OAuth-Scopes" scope="transport" action="remove"/>
        <header name="X-GitHub-Media-Type" scope="transport" action="remove"/>
        <header name="X-Served-By" scope="transport" action="remove"/>
        <header name="Vary" scope="transport" action="remove"/>
        <header name="X-RateLimit-Limit" scope="transport" action="remove"/>
        <header name="Access-Control-Allow-Credentials" scope="transport" action="remove"/>
        <header name="Content-Security-Policy" scope="transport" action="remove"/>
    </sequence>
</template>